Categoria,Quantidade,Porcentagem
Muito Baixo,720,28.662420382165603
Baixo,1409,56.09076433121019
Médio,357,14.211783439490446
Alto,20,0.7961783439490446
Muito Alto,5,0.19904458598726116
